;-7.000;-6.900;-6.800;-6.700;-6.600;-6.500;-6.400;-6.300;-6.200;-6.100;-6.000;-5.900;-5.800;-5.700;-5.600;-5.500;-5.400;-5.300;-5.200;-5.100;-5.000;-4.900;-4.800;-4.700;-4.600;-4.500;-4.400;-4.300;-4.200;-4.100;-4.000;-3.900;-3.800;-3.700;-3.600;-3.500;-3.400;-3.300;-3.200;-3.100;-3.000;-2.900;-2.800;-2.700;-2.600;-2.500;-2.400;-2.300;-2.200;-2.100;-2.000;-1.900;-1.800;-1.700;-1.600;-1.500;-1.400;-1.300;-1.200;-1.100;-1.000;-0.900;-0.800;-0.700;-0.600;-0.500;-0.400;-0.300;-0.200;-0.100;0.000;0.100;0.200;0.300;0.400;0.500;0.600;0.700;0.800;0.900;1.000;1.100;1.200;1.300;1.400;1.500;1.600;1.700;1.800;1.900;2.000;2.100;2.200;2.300;2.400;2.500;2.600;2.700;2.800;2.900;3.000;3.100;3.200;3.300;3.400;3.500;3.600;3.700;3.800;3.900;4.000;4.100;4.200;4.300;4.400;4.500;4.600;4.700;4.800;4.900;5.000;5.100;5.200;5.300;5.400;5.500;5.600;5.700;5.800;5.900;6.000;6.100;6.200;6.300;6.400;6.500;6.600;6.700;6.800;6.900;7.000;
7.000;;;;;;;;;;;;;;;;;;;;;;;;;;;;;;;;;;;;;;;;;;;;;;;;;;;;;;;;;;;;;;;;;;;;;;;;;;;;;;;;;;;;;;;;;;;;;;;;;;;;;;;;;;;;;;;;;;;;;;;;;;;;;;;;;;;;;;;;;;;;;;
6.900;;;;;;;;;;;;;;;;;;;;;;;;;;;;;;;;;;;;;;;;;;;;;;;;;;;;;;;;;;;;;;;;;;;;;;;;;;;;;;;;;;;;;;;;;;;;;;;;;;;;;;;;;;;;;;;;;;;;;;;;;;;;;;;;;;;;;;;;;;;;;;
6.800;;;;;;;;;;;;;;;;;;;;;;;;;;;;;;;;;;;;;;;;;;;;;;;;;;;;;;;;;;;;;;;;;;;;;;;;;;;;;;;;;;;;;;;;;;;;;;;;;;;;;;;;;;;;;;;;;;;;;;;;;;;;;;;;;;;;;;;;;;;;;;
6.700;;;;;;;;;;;;;;;;;;;;;;;;;;;;;;;;;;;;;;;;;;;;;;;;;;;;;;;;;;;;;;;;;;;;;;;;;;;;;;;;;;;;;;;;;;;;;;;;;;;;;;;;;;;;;;;;;;;;;;;;;;;;;;;;;;;;;;;;;;;;;;
6.600;;;;;;;;;;;;;;;;;;;;;;;;;;;;;;;;;;;;;;;;;;;;;;;;;;;;;;;;;;;;;;;;;;;;;;;;;;;;;;;;;;;;;;;;;;;;;;;;;;;;;;;;;;;;;;;;;;;;;;;;;;;;;;;;;;;;;;;;;;;;;;
6.500;;;;;;;;;;;;;;;;;;;;;;;;;;;;;;;;;;;;;;;;;;;;;;;;;;;;;;;;;;;;;;;;;;;;;;;;;;;;;;;;;;;;;;;;;;;;;;;;;;;;;;;;;;;;;;;;;;;;;;;;;;;;;;;;;;;;;;;;;;;;;;
6.400;;;;;;;;;;;;;;;;;;;;;;;;;;;;;;;;;;;;;;;;;;;;;;;;;;;;;;;;;;;;;;;;;;;;;;;;;;;;;;;;;;;;;;;;;;;;;;;;;;;;;;;;;;;;;;;;;;;;;;;;;;;;;;;;;;;;;;;;;;;;;;
6.300;;;;;;;;;;;;;;;;;;;;;;;;;;;;;;;;;;;;;;;;;;;;;;;;;;;;;;;;;;;;;;;;;;;;;;;;;;;;;;;;;;;;;;;;;;;;;;;;;;;;;;;;;;;;;;;;;;;;;;;;;;;;;;;;;;;;;;;;;;;;;;
6.200;;;;;;;;;;;;;;;;;;;;;;;;;;;;;;;;;;;;;;;;;;;;;;;;;;;;;;;;;;;;;;;;;;;;;;;;;;;;;;;;;;;;;;;;;;;;;;;;;;;;;;;;;;;;;;;;;;;;;;;;;;;;;;;;;;;;;;;;;;;;;;
6.100;;;;;;;;;;;;;;;;;;;;;;;;;;;;;;;;;;;;;;;;;;;;;;;;;;;;;;;;;;;;;;;;;;;;;;;;;;;;;;;;;;;;;;;;;;;;;;;;;;;;;;;;;;;;;;;;;;;;;;;;;;;;;;;;;;;;;;;;;;;;;;
6.000;;;;;;;;;;;;;;;;;;;;;;;;;;;;;;;;;;;;;;;;;;;;;;;;;;;;;;;;;;;;;;;;;;;;;;;;;;;;;;;;;;;;;;;;;;;;;;;;;;;;;;;;;;;;;;;;;;;;;;;;;;;;;;;;;;;;;;;;;;;;;;
5.900;;;;;;;;;;;;;;;;;;;;;;;;;;;;;;;;;;;;;;;;;;;;;;;;;;;;;;;;;;;;;;;;;;;;;;;;;;;;;;;;;;;;;;;;;;;;;;;;;;;;;;;;;;;;;;;;;;;;;;;;;;;;;;;;;;;;;;;;;;;;;;
5.800;;;;;;;;;;;;;;;;;;;;;;;;;;;;;;;;;;;;;;;;;;;;;;;;;;;;;;;;;;;;;;;;;;;;;;;;;;;;;;;;;;;;;;;;;;;;;;;;;;;;;;;;;;;;;;;;;;;;;;;;;;;;;;;;;;;;;;;;;;;;;;
5.700;;;;;;;;;;;;;;;;;;;;;;;;;;;;;;;;;;;;;;;;;;;;;;;;;;;;;;;;;;;;;;;;;;;;;;;;;;;;;;;;;;;;;;;;;;;;;;;;;;;;;;;;;;;;;;;;;;;;;;;;;;;;;;;;;;;;;;;;;;;;;;
5.600;;;;;;;;;;;;;;;;;;;;;;;;;;;;;;;;;;;;;;;;;;;;;;;;;;;;;;;;;;;;;;;;;;;;;;;;;;;;;;;;;;;;;;;;;;;;;;;;;;;;;;;;;;;;;;;;;;;;;;;;;;;;;;;;;;;;;;;;;;;;;;
5.500;;;;;;;;;;;;;;;;;;;;;;;;;;;;;;;;;;;;;;;;;;;;;;;;;;;;;;;;;;;;;;;;;;;;;;;;;;;;;;;;;;;;;;;;;;;;;;;;;;;;;;;;;;;;;;;;;;;;;;;;;;;;;;;;;;;;;;;;;;;;;;
5.400;;;;;;;;;;;;;;;;;;;;;;;;;;;;;;;;;;;;;;;;;;;;;;;;;;;;;;;;;;;;;;;;;;;;;;;;;;;;;;;;;;;;;;;;;;;;;;;;;;;;;;;;;;;;;;;;;;;;;;;;;;;;;;;;;;;;;;;;;;;;;;
5.300;;;;;;;;;;;;;;;;;;;;;;;;;;;;;;;;;;;;;;;;;;;;;;;;;;;;;;;;;;;;;;;;;;;;;;;;;;;;;;;;;;;;;;;;;;;;;;;;;;;;;;;;;;;;;;;;;;;;;;;;;;;;;;;;;;;;;;;;;;;;;;
5.200;;;;;;;;;;;;;;;;;;;;;;;;;;;;;;;;;;;;;;;;;;;;;;;;;;;;;;;;;;;;;;;;;;;;;;;;;;;;;;;;;;;;;;;;;;;;;;;;;;;;;;;;;;;;;;;;;;;;;;;;;;;;;;;;;;;;;;;;;;;;;;
5.100;;;;;;;;;;;;;;;;;;;;;;;;;;;;;;;;;;;;;;;;;;;;;;;;;;;;;;;;;;;;;;;;;;;;;;;;;;;;;;;;;;;;;;;;;;;;;;;;;;;;;;;;;;;;;;;;;;;;;;;;;;;;;;;;;;;;;;;;;;;;;;
5.000;;;;;;;;;;;;;;;;;;;;;;;;;;;;;;;;;;;;;;;;;;;;;;;;;;;;;;;;;;;;;;;;;;;;;;;;;;;;;;;;;;;;;;;;;;;;;;;;;;;;;;;;;;;;;;;;;;;;;;;;;;;;;;;;;;;;;;;;;;;;;;
4.900;;;;;;;;;;;;;;;;;;;;;;;;;;;;;;;;;;;;;;;;;;;;;;;;;;;;;;;;;;;;;;;;;;;;;;;;;;;;;;;;;;;;;;;;;;;;;;;;;;;;;;;;;;;;;;;;;;;;;;;;;;;;;;;;;;;;;;;;;;;;;;
4.800;;;;;;;;;;;;;;;;;;;;;;;;;;;;;;;;;;;;;;;;;;;;;;;;;;;;;;;;;;;;;;;;;;;;;;;;;;;;;;;;;;;;;;;;;;;;;;;;;;;;;;;;;;;;;;;;;;;;;;;;;;;;;;;;;;;;;;;;;;;;;;
4.700;;;;;;;;;;;;;;;;;;;;;;;;;;;;;;;;;;;;;;;;;;;;;;;;;;;;;;;;;;;;;;;;;;;;;;;;;;;;;;;;;;;;;;;;;;;;;;;;;;;;;;;;;;;;;;;;;;;;;;;;;;;;;;;;;;;;;;;;;;;;;;
4.600;;;;;;;;;;;;;;;;;;;;;;;;;;;;;;;;;;;;;;;;;;;;;;;;;;;;;;;;;;;;;;;;;;;;;;;;;;;;;;;;;;;;;;;;;;;;;;;;;;;;;;;;;;;;;;;;;;;;;;;;;;;;;;;;;;;;;;;;;;;;;;
4.500;;;;;;;;;;;;;;;;;;;;;;;;;;;;;;;;;;;;;;;;;;;;;;;;;;;;;;;;;;;;;;;;;;;;;;;;;;;;;;;;;;;;;;;;;;;;;;;;;;;;;;;;;;;;;;;;;;;;;;;;;;;;;;;;;;;;;;;;;;;;;;
4.400;;;;;;;;;;;;;;;;;;;;;;;;;;;;;;;;;;;;;;;;;;;;;;;;;;;;;;;;;;;;;;;;;;;;;;;;;;;;;;;;;;;;;;;;;;;;;;;;;;;;;;;;;;;;;;;;;;;;;;;;;;;;;;;;;;;;;;;;;;;;;;
4.300;;;;;;;;;;;;;;;;;;;;;;;;;;;;;;;;;;;;;;;;;;;;;;;;;;;;;;;;;;;;;;;;;;;;;;;;;;;;;;;;;;;;;;;;;;;;;;;;;;;;;;;;;;;;;;;;;;;;;;;;;;;;;;;;;;;;;;;;;;;;;;
4.200;;;;;;;;;;;;;;;;;;;;;;;;;;;;;;;;;;;;;;;;;;;;;;;;;;;;;;;;;;;;;;;;;;;;;;;;;;;;;;;;;;;;;;;;;;;;;;;;;;;;;;;;;;;;;;;;;;;;;;;;;;;;;;;;;;;;;;;;;;;;;;
4.100;;;;;;;;;;;;;;;;;;;;;;;;;;;;;;;;;;;;;;;;;;;;;;;;;;;;;;;;;;;;;;;;;;;;;;;;;;;;;;;;;;;;;;;;;;;;;;;;;;;;;;;;;;;;;;;;;;;;;;;;;;;;;;;;;;;;;;;;;;;;;;
4.000;;;;;;;;;;;;;;;;;;;;;;;;;;;;;;;;;;;;;;;;;;;;;;;;;;;;;;;;;;;;;;;;;;;;;;;;;;;;;;;;;;;;;;;;;;;;;;;;;;;;;;;;;;;;;;;;;;;;;;;;;;;;;;;;;;;;;;;;;;;;;;
3.900;;;;;;;;;;;;;;;;;;;;;;;;;;;;;;;;;;;;;;;;;;;;;;;;;;;;;;;;;;;;;;;;;;;;;;;;;;;;;;;;;;;;;;;;;;;;;;;;;;;;;;;;;;;;;;;;;;;;;;;;;;;;;;;;;;;;;;;;;;;;;;
3.800;;;;;;;;;;;;;;;;;;;;;;;;;;;;;;;;;;;;;;;;;;;;;;;;;;;;;;;;;;;;;;;;;;;;;;;;;;;;;;;;;;;;;;;;;;;;;;;;;;;;;;;;;;;;;;;;;;;;;;;;;;;;;;;;;;;;;;;;;;;;;;
3.700;;;;;;;;;;;;;;;;;;;;;;;;;;;;;;;;;;;;;;;;;;;;;;;;;;;;;;;;;;;;;;;;;;;;;;;;;;;;;;;;;;;;;;;;;;;;;;;;;;;;;;;;;;;;;;;;;;;;;;;;;;;;;;;;;;;;;;;;;;;;;;
3.600;;;;;;;;;;;;;;;;;;;;;;;;;;;;;;;;;;;;;;;;;;;;;;;;;;;;;;;;;;;;;;;;;;;;;;;;;;;;;;;;;;;;;;;;;;;;;;;;;;;;;;;;;;;;;;;;;;;;;;;;;;;;;;;;;;;;;;;;;;;;;;
3.500;;;;;;;;;;;;;;;;;;;;;;;;;;;;;;;;;;;;;;;;;;;;;;;;;;;;;;;;;;;;;;;;;;;;519;524;529;534;539;544;549;554;559;563;568;571;575;577;580;582;584;585;586;;;;;;;;;;;;;;;;;;;;;;;;;;;;;;;;;;;;;;;;;;;;;;;;;;;;;;;;
3.400;;;;;;;;;;;;;;;;;;;;;;;;;;;;;;;;;;;;;;;;;;;;;;;;;;;;;;;;;;;;;489;489;490;491;493;496;500;504;508;513;518;523;528;533;537;542;546;550;554;557;560;563;565;567;568;569;570;570;570;570;570;;;;;;;;;;;;;;;;;;;;;;;;;;;;;;;;;;;;;;;;;;;;;;;;;;;
3.300;;;;;;;;;;;;;;;;;;;;;;;;;;;;;;;;;;;;;;;;;;;;;;;;;;;;;;;;;483;480;477;476;475;475;475;477;479;482;485;489;493;497;502;507;511;516;521;525;529;533;537;540;543;546;548;550;551;552;553;554;554;555;555;556;556;557;558;;;;;;;;;;;;;;;;;;;;;;;;;;;;;;;;;;;;;;;;;;;;;;;
3.200;;;;;;;;;;;;;;;;;;;;;;;;;;;;;;;;;;;;;;;;;;;;;;;;;;;;;;484;478;474;470;466;464;462;462;461;462;463;465;468;471;474;478;482;487;491;496;500;504;509;513;517;520;523;526;529;531;533;535;536;537;538;539;540;541;541;542;544;545;547;549;;;;;;;;;;;;;;;;;;;;;;;;;;;;;;;;;;;;;;;;;;;;;
3.100;;;;;;;;;;;;;;;;;;;;;;;;;;;;;;;;;;;;;;;;;;;;;;;;;;;491;484;477;471;466;461;457;454;452;450;449;449;449;451;452;454;457;460;464;468;472;476;480;485;489;493;497;501;504;507;510;513;515;517;519;521;522;523;524;525;527;528;529;531;533;536;538;542;546;550;;;;;;;;;;;;;;;;;;;;;;;;;;;;;;;;;;;;;;;;;;
3.000;;;;;;;;;;;;;;;;;;;;;;;;;;;;;;;;;;;;;;;;;;;;;;;;504;496;488;480;473;466;461;455;451;447;444;441;439;438;438;438;439;440;442;445;448;451;454;458;462;466;470;474;478;482;485;489;492;495;497;500;502;504;506;507;509;510;512;513;515;517;519;522;525;528;532;537;542;548;;;;;;;;;;;;;;;;;;;;;;;;;;;;;;;;;;;;;;;;;
2.900;;;;;;;;;;;;;;;;;;;;;;;;;;;;;;;;;;;;;;;;;;;;;;512;503;494;486;478;470;463;457;451;446;441;437;434;431;429;428;427;427;428;429;431;433;436;438;442;445;449;452;456;460;464;467;471;474;477;480;483;485;487;489;491;493;495;497;499;501;503;506;508;511;515;519;524;529;534;541;548;555;;;;;;;;;;;;;;;;;;;;;;;;;;;;;;;;;;;;;;;
2.800;;;;;;;;;;;;;;;;;;;;;;;;;;;;;;;;;;;;;;;;;;;;;512;503;494;486;477;470;462;455;449;443;438;433;429;426;423;421;419;418;418;418;419;421;422;424;427;430;433;436;440;443;447;450;454;457;460;463;466;469;471;474;476;478;480;483;485;487;489;492;495;498;502;506;511;516;522;528;535;542;550;558;567;;;;;;;;;;;;;;;;;;;;;;;;;;;;;;;;;;;;;
2.700;;;;;;;;;;;;;;;;;;;;;;;;;;;;;;;;;;;;;;;;;;;524;514;505;496;487;479;471;463;456;449;443;437;432;427;423;419;416;413;412;410;410;410;410;411;413;414;417;419;422;425;428;431;434;438;441;444;447;450;453;456;459;461;464;466;469;471;473;476;479;482;485;489;493;498;503;509;515;522;529;537;546;555;564;573;;;;;;;;;;;;;;;;;;;;;;;;;;;;;;;;;;;;
2.600;;;;;;;;;;;;;;;;;;;;;;;;;;;;;;;;;;;;;;;;;536;527;517;508;499;490;482;474;466;458;451;444;438;432;426;422;417;413;410;407;405;404;403;402;402;403;404;405;407;409;412;415;417;420;424;427;430;433;436;439;442;445;448;450;453;456;458;461;464;467;470;473;477;481;486;491;497;503;510;517;525;533;542;552;561;571;580;;;;;;;;;;;;;;;;;;;;;;;;;;;;;;;;;;;
2.500;;;;;;;;;;;;;;;;;;;;;;;;;;;;;;;;;;;;;;;;540;531;522;513;504;495;486;478;470;462;455;448;441;434;428;423;417;413;409;405;402;400;398;396;396;395;396;396;397;399;401;403;406;408;411;414;417;420;423;426;429;432;435;438;441;444;447;449;452;455;459;462;466;470;474;479;485;491;498;505;513;521;530;539;549;559;570;580;590;;;;;;;;;;;;;;;;;;;;;;;;;;;;;;;;;;
2.400;;;;;;;;;;;;;;;;;;;;;;;;;;;;;;;;;;;;;;;544;536;527;518;509;501;492;484;476;468;460;453;445;438;432;426;420;415;410;405;401;398;395;393;391;390;390;389;390;391;392;394;395;398;400;403;406;409;412;415;418;421;425;428;431;433;436;439;442;445;449;452;456;460;464;469;474;480;486;493;501;509;518;527;537;547;558;569;579;590;600;;;;;;;;;;;;;;;;;;;;;;;;;;;;;;;;;
2.300;;;;;;;;;;;;;;;;;;;;;;;;;;;;;;;;;;;;;;550;542;533;525;516;508;499;491;483;475;467;459;452;444;437;431;424;418;413;408;403;399;395;392;389;387;386;385;384;384;385;386;387;389;391;394;396;399;402;405;408;412;415;418;421;424;427;430;434;437;440;443;447;451;455;459;464;470;476;482;490;498;506;515;525;535;546;557;568;579;590;601;610;;;;;;;;;;;;;;;;;;;;;;;;;;;;;;;;
2.200;;;;;;;;;;;;;;;;;;;;;;;;;;;;;;;;;;;;;556;548;540;532;524;515;507;499;491;483;475;467;459;452;444;437;430;424;417;412;406;401;397;393;389;386;384;382;381;380;380;380;381;382;383;385;388;390;393;396;399;403;406;409;413;416;419;422;425;429;432;436;439;443;447;451;456;461;467;473;480;487;495;504;513;523;534;545;556;568;580;591;602;612;622;;;;;;;;;;;;;;;;;;;;;;;;;;;;;;;
2.100;;;;;;;;;;;;;;;;;;;;;;;;;;;;;;;;;;;;562;555;547;540;532;524;516;508;500;492;484;476;468;460;452;445;438;430;424;417;411;405;400;395;391;387;384;381;379;377;376;375;375;376;377;378;380;383;385;388;391;394;397;400;404;407;410;414;417;421;424;428;432;436;440;444;449;453;459;464;471;478;485;494;503;512;522;533;545;556;568;580;592;603;614;624;633;;;;;;;;;;;;;;;;;;;;;;;;;;;;;;
2.000;;;;;;;;;;;;;;;;;;;;;;;;;;;;;;;;;;;569;562;555;548;540;533;525;517;509;501;493;485;477;469;461;454;446;438;431;424;417;411;405;399;394;389;385;381;378;375;374;372;371;371;371;372;374;375;377;379;382;385;388;391;394;398;402;405;409;413;417;420;424;428;433;437;442;447;452;457;463;470;477;484;493;502;512;522;533;544;556;568;581;593;605;616;627;636;644;;;;;;;;;;;;;;;;;;;;;;;;;;;;;
1.900;;;;;;;;;;;;;;;;;;;;;;;;;;;;;;;;;;576;570;563;556;549;542;534;527;519;511;503;495;487;479;471;463;455;447;439;432;424;417;410;404;398;392;387;383;379;375;372;370;368;367;366;366;367;368;369;371;373;376;379;382;385;389;392;396;400;404;408;413;417;421;426;430;435;440;445;451;457;463;470;477;485;493;502;512;522;533;545;557;569;582;594;606;618;629;639;648;655;;;;;;;;;;;;;;;;;;;;;;;;;;;;
1.800;;;;;;;;;;;;;;;;;;;;;;;;;;;;;;;;;583;578;572;565;558;551;544;537;529;521;513;505;497;489;481;473;465;456;448;440;432;425;417;410;403;397;391;385;380;376;372;368;366;364;362;361;361;361;362;363;365;367;370;373;376;379;383;387;391;395;400;404;409;413;418;423;428;433;439;444;450;457;463;470;478;486;494;503;513;523;534;546;558;570;583;595;608;620;631;642;651;659;;;;;;;;;;;;;;;;;;;;;;;;;;;;
1.700;;;;;;;;;;;;;;;;;;;;;;;;;;;;;;;;;586;580;574;568;561;554;547;539;532;524;516;508;500;491;483;475;466;458;449;441;433;424;417;409;402;395;389;383;377;372;368;364;361;359;357;356;355;355;356;357;359;361;363;366;370;373;377;382;386;391;395;400;405;410;416;421;426;432;438;444;450;457;464;471;479;487;496;505;515;525;536;548;560;572;585;597;610;622;634;645;654;663;669;;;;;;;;;;;;;;;;;;;;;;;;;;;
1.600;;;;;;;;;;;;;;;;;;;;;;;;;;;;;;;;594;589;584;577;571;564;557;550;542;534;526;518;510;502;493;485;476;467;459;450;441;433;424;416;408;400;393;386;380;374;369;364;360;356;353;351;350;349;349;349;350;352;354;357;360;364;368;372;376;381;386;391;397;402;408;413;419;425;431;437;444;451;458;465;473;481;489;498;508;517;528;539;550;562;574;587;599;612;624;636;647;657;666;674;679;;;;;;;;;;;;;;;;;;;;;;;;;;
1.500;;;;;;;;;;;;;;;;;;;;;;;;;;;;;;;;598;593;587;581;574;567;560;553;545;537;529;521;512;504;495;486;477;468;459;450;441;432;423;415;406;398;391;383;376;370;364;359;355;351;348;345;344;343;342;343;344;345;348;350;354;358;362;366;371;376;382;387;393;399;405;411;417;424;431;437;444;451;459;467;475;483;492;501;510;520;531;542;553;565;577;589;602;614;627;639;650;660;670;678;684;;;;;;;;;;;;;;;;;;;;;;;;;;
1.400;;;;;;;;;;;;;;;;;;;;;;;;;;;;;;;608;603;597;591;585;578;571;563;556;548;540;531;523;514;505;496;487;478;469;459;450;441;431;422;413;404;396;388;380;373;366;360;354;349;345;342;339;337;336;336;336;337;339;341;344;347;351;356;361;366;371;377;383;389;396;402;409;416;423;430;437;445;452;460;468;477;486;495;504;514;524;534;545;557;568;580;593;605;617;629;641;653;663;673;681;688;693;;;;;;;;;;;;;;;;;;;;;;;;;
1.300;;;;;;;;;;;;;;;;;;;;;;;;;;;;;;;613;608;602;596;589;581;574;566;558;550;542;533;524;515;506;497;488;478;469;459;449;440;430;420;411;402;393;384;376;368;361;355;349;343;339;335;332;330;329;328;329;330;331;334;337;341;345;350;355;360;366;373;379;386;393;400;407;415;422;430;438;445;454;462;470;479;488;498;507;517;528;538;549;561;572;584;596;608;620;632;644;655;666;676;684;691;697;;;;;;;;;;;;;;;;;;;;;;;;;
1.200;;;;;;;;;;;;;;;;;;;;;;;;;;;;;;624;619;613;607;600;593;585;577;569;561;552;544;535;526;516;507;497;488;478;468;458;448;438;428;418;408;398;389;380;371;363;356;349;342;337;332;328;325;323;321;321;321;322;324;327;330;334;338;343;349;355;361;368;375;382;390;398;405;413;421;429;438;446;455;464;473;482;491;501;511;521;531;542;553;565;576;588;600;612;624;636;647;658;669;679;687;695;701;;;;;;;;;;;;;;;;;;;;;;;;;
1.100;;;;;;;;;;;;;;;;;;;;;;;;;;;;;;630;625;618;611;604;596;588;580;572;563;554;545;536;526;517;507;497;487;477;467;456;446;435;425;414;404;394;384;375;366;357;350;342;336;330;325;321;317;315;314;313;313;314;316;319;322;327;332;337;343;349;356;363;371;379;387;395;403;412;421;429;438;447;456;465;475;484;494;504;514;524;535;546;557;569;581;593;605;616;628;639;651;662;672;681;690;698;704;709;;;;;;;;;;;;;;;;;;;;;;;;
1.000;;;;;;;;;;;;;;;;;;;;;;;;;;;;;642;637;630;623;616;608;600;592;583;574;565;555;546;536;526;517;506;496;486;475;465;454;443;432;421;410;400;389;379;369;360;351;343;335;328;322;317;313;309;307;305;305;305;306;308;311;315;319;324;330;337;344;351;359;367;375;384;392;401;410;420;429;438;448;457;467;477;487;497;507;517;528;539;550;562;573;585;597;609;621;632;643;654;665;675;685;693;701;707;712;;;;;;;;;;;;;;;;;;;;;;;;
0.900;;;;;;;;;;;;;;;;;;;;;;;;;;;;;649;643;636;628;620;612;603;594;585;576;566;556;546;536;526;516;505;495;484;473;462;451;439;428;417;406;394;384;373;363;353;344;335;327;320;314;309;304;301;298;296;296;296;297;300;303;307;312;317;323;330;338;345;354;362;371;380;390;399;409;419;428;438;448;458;468;479;489;499;510;521;532;543;554;566;577;589;601;613;625;637;647;658;669;678;688;696;703;710;714;718;;;;;;;;;;;;;;;;;;;;;;;
0.800;;;;;;;;;;;;;;;;;;;;;;;;;;;;;656;649;642;633;625;616;606;597;587;577;567;557;546;536;525;515;504;493;481;470;458;447;435;423;412;400;388;377;366;356;346;336;327;319;312;305;300;295;291;289;287;286;287;288;291;294;298;304;310;316;323;331;340;348;358;367;377;387;397;407;417;428;438;449;459;470;480;491;502;513;524;535;547;558;570;581;593;605;617;629;641;652;662;672;682;691;699;706;712;717;721;;;;;;;;;;;;;;;;;;;;;;;
0.700;;;;;;;;;;;;;;;;;;;;;;;;;;;;670;663;655;647;638;629;619;609;599;589;578;568;557;546;535;524;513;501;490;478;466;454;442;430;418;406;394;382;370;359;348;337;328;318;310;302;296;290;285;281;279;277;277;277;279;282;285;290;295;302;309;316;325;333;343;352;362;373;383;394;405;416;427;438;449;460;471;482;493;504;516;527;538;550;562;574;585;597;609;621;633;645;656;666;676;686;694;702;709;715;720;723;;;;;;;;;;;;;;;;;;;;;;;
0.600;;;;;;;;;;;;;;;;;;;;;;;;;;;;677;669;661;652;642;632;622;612;601;590;579;568;556;545;534;522;510;498;486;474;462;450;437;425;412;399;387;374;362;351;339;329;318;309;300;293;286;280;275;271;269;267;267;267;269;272;276;281;287;293;301;309;318;327;337;347;358;368;380;391;402;414;425;437;448;460;471;483;495;506;518;530;541;553;565;577;589;601;614;626;637;649;660;671;680;690;698;706;713;718;723;725;;;;;;;;;;;;;;;;;;;;;;;
0.500;;;;;;;;;;;;;;;;;;;;;;;;;;;;684;675;666;657;646;636;625;614;602;591;579;567;556;544;532;520;507;495;483;470;457;444;431;418;405;392;379;367;354;342;330;319;309;299;290;282;275;269;264;261;258;256;256;257;259;262;266;271;277;284;292;301;310;320;330;341;352;364;375;387;399;411;423;435;447;460;472;484;496;508;520;532;544;556;568;581;593;605;617;630;642;653;665;675;685;694;702;710;716;721;725;728;729;;;;;;;;;;;;;;;;;;;;;;
0.400;;;;;;;;;;;;;;;;;;;;;;;;;;;;690;681;671;661;650;639;627;616;604;591;579;567;554;542;529;517;504;491;478;465;452;439;425;412;398;385;372;358;346;333;321;310;299;289;280;272;264;258;253;250;247;245;245;246;248;251;256;261;268;275;284;293;302;313;324;335;347;359;371;383;396;408;421;434;446;459;471;484;496;509;521;534;546;559;571;584;596;609;621;634;646;657;669;679;689;698;706;714;720;725;729;731;732;;;;;;;;;;;;;;;;;;;;;;
0.300;;;;;;;;;;;;;;;;;;;;;;;;;;;705;696;686;676;665;654;642;630;617;605;592;579;566;553;540;527;514;501;487;474;460;447;433;419;405;391;377;363;350;337;324;311;300;289;278;269;261;253;247;242;238;236;234;234;235;237;241;246;251;258;266;275;284;294;305;316;328;340;353;366;379;392;405;418;431;444;458;471;484;497;510;523;536;548;561;574;587;600;612;625;637;650;662;673;684;694;703;711;718;724;729;732;734;734;;;;;;;;;;;;;;;;;;;;;;
0.200;;;;;;;;;;;;;;;;;;;;;;;;;;;710;701;691;680;669;657;644;632;619;605;592;578;565;551;538;524;511;497;483;469;455;441;427;413;398;384;369;355;341;328;314;302;290;278;268;258;250;242;236;231;227;224;223;223;224;226;230;235;241;248;256;265;275;286;297;309;321;334;347;360;374;387;401;415;428;442;456;469;483;496;510;523;537;550;563;576;590;603;616;629;641;654;666;677;688;698;708;716;723;729;734;737;738;737;;;;;;;;;;;;;;;;;;;;;;
0.100;;;;;;;;;;;;;;;;;;;;;;;;;;;716;706;696;684;672;660;647;634;620;606;592;578;564;550;536;522;508;494;479;465;451;436;421;406;391;376;362;347;333;319;305;292;280;268;257;248;239;231;225;220;216;213;212;212;213;215;219;224;231;238;246;256;266;277;288;301;313;327;340;354;368;382;396;411;425;439;453;468;482;496;510;524;537;551;565;579;592;606;619;632;645;658;670;682;693;703;713;721;728;734;739;741;742;741;;;;;;;;;;;;;;;;;;;;;;
0.000;;;;;;;;;;;;;;;;;;;;;;;;;;;721;711;700;688;676;663;649;635;621;607;592;577;562;548;534;519;505;490;476;461;446;431;415;400;385;369;354;339;324;310;296;283;270;258;247;237;228;221;214;209;205;202;201;201;202;205;209;214;220;228;236;246;256;268;280;292;305;319;333;347;362;377;391;406;421;436;451;465;480;495;509;523;538;552;566;580;594;608;622;636;649;662;674;686;698;708;718;727;734;740;744;747;747;745;;;;;;;;;;;;;;;;;;;;;;
-0.100;;;;;;;;;;;;;;;;;;;;;;;;;;;725;715;704;692;679;665;652;637;622;607;592;577;562;547;532;517;502;487;472;457;442;426;410;395;379;363;347;332;317;302;288;274;261;249;238;227;218;210;204;198;194;191;190;190;191;194;198;203;210;217;226;236;247;258;271;284;297;311;326;340;355;371;386;401;417;432;447;463;478;493;508;523;538;552;567;582;596;611;625;639;653;666;679;691;703;714;724;733;741;747;751;753;753;750;;;;;;;;;;;;;;;;;;;;;;
-0.200;;;;;;;;;;;;;;;;;;;;;;;;;;;729;718;707;695;682;668;654;639;624;608;592;577;561;546;531;515;500;485;469;454;438;422;406;390;373;357;341;325;310;295;280;266;253;240;229;218;209;201;194;188;184;181;179;179;180;183;187;193;199;207;216;226;237;249;261;275;289;303;318;333;349;364;380;396;412;428;443;459;475;491;506;522;537;553;568;583;598;613;628;642;656;670;684;696;709;720;730;740;748;754;758;760;759;756;;;;;;;;;;;;;;;;;;;;;;
-0.300;;;;;;;;;;;;;;;;;;;;;;;;;;;732;722;710;698;685;671;656;641;625;609;593;577;561;546;530;514;499;483;467;451;435;419;402;386;369;352;336;320;304;288;273;259;245;233;221;210;201;192;185;179;175;172;170;170;171;174;178;183;190;197;206;216;228;239;252;266;280;295;310;325;341;357;374;390;406;423;439;456;472;488;504;520;536;552;568;584;600;615;630;645;660;675;689;702;714;726;737;747;755;761;765;767;766;762;;;;;;;;;;;;;;;;;;;;;;
-0.400;;;;;;;;;;;;;;;;;;;;;;;;;;;734;724;713;701;688;673;659;643;627;611;594;578;562;546;530;514;498;482;466;450;433;416;400;383;366;349;332;315;299;283;268;253;239;226;214;203;193;185;177;171;166;163;161;161;162;165;168;174;180;188;197;207;218;230;243;257;271;286;302;318;334;350;367;384;401;418;435;452;468;485;502;519;535;552;568;585;601;617;633;649;664;679;694;707;720;733;744;754;763;770;774;775;774;770;;;;;;;;;;;;;;;;;;;;;;
-0.500;;;;;;;;;;;;;;;;;;;;;;;;;;;736;726;716;703;690;676;661;646;629;613;596;579;563;547;531;515;499;482;466;449;432;415;398;381;364;346;329;312;296;279;264;249;235;221;209;197;187;178;171;165;160;156;154;153;154;157;160;165;172;179;188;198;209;221;235;248;263;278;294;310;326;343;360;378;395;412;430;447;465;482;499;517;534;551;568;585;602;619;635;652;668;683;699;713;727;740;752;763;772;778;783;785;783;778;;;;;;;;;;;;;;;;;;;;;;
-0.600;;;;;;;;;;;;;;;;;;;;;;;;;;;737;728;718;706;693;679;664;648;632;615;598;581;565;549;532;516;500;483;467;450;433;416;398;381;363;345;328;311;294;277;261;246;232;218;205;194;183;174;166;159;154;150;148;147;148;150;153;158;164;172;180;190;201;213;226;240;255;270;286;302;319;336;354;371;389;407;425;443;461;479;497;514;532;550;568;586;603;621;638;655;672;688;704;719;734;747;760;771;781;788;793;794;792;787;;;;;;;;;;;;;;;;;;;;;;
-0.700;;;;;;;;;;;;;;;;;;;;;;;;;;;738;730;720;708;696;682;667;651;635;618;601;584;567;551;535;519;502;486;469;452;435;417;399;382;364;346;328;311;294;277;261;245;230;216;203;191;181;171;163;156;150;146;144;142;142;144;147;152;158;165;173;183;194;206;219;232;247;262;278;295;312;329;347;365;383;401;420;438;457;475;494;512;531;549;567;586;604;622;640;658;676;693;709;725;740;755;768;780;790;798;803;805;803;797;;;;;;;;;;;;;;;;;;;;;;
-0.800;;;;;;;;;;;;;;;;;;;;;;;;;;;738;730;721;711;699;685;670;655;639;622;605;588;571;555;538;522;506;489;472;455;438;420;402;384;367;349;331;313;295;278;262;246;231;217;203;191;180;170;162;154;148;144;141;139;139;140;143;147;153;159;168;177;187;199;212;225;240;255;271;288;305;322;340;359;377;396;415;433;452;472;491;510;529;548;567;586;605;624;643;661;679;697;715;732;748;763;777;789;800;808;813;816;814;808;;;;;;;;;;;;;;;;;;;;;;
-0.900;;;;;;;;;;;;;;;;;;;;;;;;;;;737;731;723;713;701;688;674;659;643;626;609;592;575;559;543;526;510;493;476;459;442;424;407;389;371;353;334;317;299;282;265;249;234;219;205;193;181;171;162;155;148;143;140;138;137;138;140;144;149;155;163;172;182;194;206;219;234;249;265;281;298;316;334;353;371;390;410;429;448;468;488;507;527;547;566;586;606;626;645;664;683;702;720;738;755;771;786;799;810;819;824;827;825;819;;;;;;;;;;;;;;;;;;;;;;
-1.000;;;;;;;;;;;;;;;;;;;;;;;;;;;735;731;724;715;704;692;678;663;648;631;614;597;581;564;548;532;516;499;482;465;448;430;413;395;377;358;340;322;305;287;270;254;238;224;210;197;185;174;165;157;150;145;141;139;137;138;139;143;147;153;160;169;178;189;201;214;228;243;259;276;293;310;329;347;366;385;405;425;444;465;485;505;525;546;566;586;607;627;647;667;687;707;726;744;762;779;794;808;820;829;836;838;837;831;;;;;;;;;;;;;;;;;;;;;;
-1.100;;;;;;;;;;;;;;;;;;;;;;;;;;;733;730;725;717;707;695;682;668;653;637;620;603;586;570;554;538;522;506;489;472;455;438;420;402;384;366;348;330;312;294;277;261;245;230;216;203;191;180;170;162;154;149;144;141;139;139;140;143;147;152;159;167;176;186;198;211;224;239;254;271;288;305;323;342;361;381;401;421;441;461;482;503;523;544;565;587;608;629;650;671;691;712;731;751;769;787;803;818;830;840;847;850;849;844;;;;;;;;;;;;;;;;;;;;;;
-1.200;;;;;;;;;;;;;;;;;;;;;;;;;;;;729;725;718;709;699;686;673;658;643;626;610;593;577;562;546;530;513;497;480;463;446;429;411;393;375;357;339;321;304;287;270;254;239;224;211;199;187;177;168;161;155;150;146;144;143;144;146;149;154;160;167;176;185;196;209;222;236;251;267;284;301;319;338;357;377;397;417;438;458;479;501;522;543;565;587;609;630;652;674;695;716;737;757;776;795;812;827;840;850;858;861;861;856;;;;;;;;;;;;;;;;;;;;;;
-1.300;;;;;;;;;;;;;;;;;;;;;;;;;;;;727;725;719;712;702;691;678;664;649;633;617;601;585;569;554;538;522;506;489;473;456;438;421;403;385;368;350;332;314;297;281;265;249;235;221;209;197;187;177;169;162;157;153;150;149;149;150;153;157;162;169;177;186;196;208;221;234;249;265;281;298;316;335;354;374;394;414;435;456;477;499;521;543;565;587;610;632;654;677;699;721;742;763;783;802;820;836;849;861;868;873;873;;;;;;;;;;;;;;;;;;;;;;;
-1.400;;;;;;;;;;;;;;;;;;;;;;;;;;;;725;724;720;714;706;696;683;670;656;641;625;609;593;578;563;547;531;516;499;483;466;449;432;415;397;380;362;344;327;310;293;277;262;247;233;221;209;198;188;180;173;167;162;159;157;156;157;159;162;167;173;180;188;198;209;221;234;248;264;280;297;314;333;352;371;391;412;433;454;476;498;520;542;565;588;611;634;657;680;703;725;747;769;790;809;828;844;858;870;879;884;884;;;;;;;;;;;;;;;;;;;;;;;
-1.500;;;;;;;;;;;;;;;;;;;;;;;;;;;;722;723;721;717;709;700;689;677;663;648;633;618;602;587;572;557;541;526;510;494;478;461;444;427;410;393;375;358;341;324;307;291;276;261;247;234;222;211;201;192;185;178;173;169;166;165;165;166;169;173;178;185;193;202;212;223;236;249;264;280;296;313;331;350;370;390;410;431;453;474;497;519;542;565;588;612;635;659;683;706;729;752;774;796;816;835;852;867;879;888;894;895;;;;;;;;;;;;;;;;;;;;;;;
-1.600;;;;;;;;;;;;;;;;;;;;;;;;;;;;;722;721;719;713;705;695;683;670;656;642;627;611;596;582;567;552;537;522;506;490;474;457;441;424;407;390;373;356;339;323;307;292;277;263;250;237;226;216;207;199;192;186;181;178;176;176;176;178;181;186;192;199;207;217;227;239;252;266;281;297;314;332;350;369;389;410;430;452;474;496;519;542;566;589;613;637;661;685;709;733;757;780;801;822;841;859;874;887;897;903;905;;;;;;;;;;;;;;;;;;;;;;;
-1.700;;;;;;;;;;;;;;;;;;;;;;;;;;;;;720;721;720;716;709;700;690;677;664;650;636;621;606;592;577;563;548;533;518;503;487;471;455;438;422;405;389;372;356;339;324;308;294;280;267;254;243;232;223;214;207;201;196;192;190;188;188;189;192;196;201;207;215;223;233;244;257;270;284;300;316;333;351;370;390;410;431;452;474;496;519;543;566;590;614;639;663;688;713;737;761;784;806;828;847;865;881;894;905;911;;;;;;;;;;;;;;;;;;;;;;;;
-1.800;;;;;;;;;;;;;;;;;;;;;;;;;;;;;;721;721;719;713;706;696;685;672;659;645;631;616;602;588;574;560;545;531;516;500;485;469;453;437;421;405;389;373;357;341;326;312;298;284;272;260;250;240;231;224;217;212;208;204;203;202;202;204;207;212;217;224;232;241;251;263;275;289;304;319;336;354;372;391;411;432;453;475;497;520;544;567;592;616;641;666;691;716;740;765;788;811;832;852;871;887;901;911;918;;;;;;;;;;;;;;;;;;;;;;;;
-1.900;;;;;;;;;;;;;;;;;;;;;;;;;;;;;;720;722;721;717;711;702;692;681;668;655;641;627;613;599;585;571;557;543;529;514;499;484;468;453;437;421;406;390;375;359;345;330;316;303;291;279;269;259;250;242;235;229;225;221;219;217;217;218;221;224;229;235;242;251;260;271;283;296;310;325;341;358;375;394;414;434;455;477;499;522;545;569;593;618;643;668;693;718;743;768;792;814;836;856;875;892;905;916;;;;;;;;;;;;;;;;;;;;;;;;;
-2.000;;;;;;;;;;;;;;;;;;;;;;;;;;;;;;719;723;723;721;716;708;699;689;677;664;651;637;624;610;597;583;570;556;542;527;513;498;483;468;453;438;423;408;393;378;363;349;336;323;311;299;288;278;269;261;254;248;243;239;236;234;234;234;236;239;243;248;254;262;271;280;292;304;317;331;347;363;380;398;417;437;458;479;501;524;547;571;595;620;645;670;695;721;746;771;794;817;839;860;878;895;909;920;;;;;;;;;;;;;;;;;;;;;;;;;
-2.100;;;;;;;;;;;;;;;;;;;;;;;;;;;;;;;723;725;724;720;714;706;696;686;674;661;648;635;621;608;595;582;568;555;541;527;513;498;484;469;455;440;425;411;396;382;369;355;343;331;319;308;298;289;281;274;268;262;258;255;252;251;251;252;255;258;262;268;275;283;292;302;314;326;340;354;370;386;404;422;441;462;483;504;527;550;573;597;622;647;672;697;723;748;773;797;820;841;862;880;897;911;922;;;;;;;;;;;;;;;;;;;;;;;;;
-2.200;;;;;;;;;;;;;;;;;;;;;;;;;;;;;;;722;726;727;724;720;713;704;694;683;671;658;645;632;619;606;593;580;567;554;540;527;513;499;485;471;457;443;429;415;401;388;375;363;351;339;329;319;310;302;294;288;282;278;274;272;270;270;270;272;275;278;283;290;297;305;314;325;337;349;363;378;394;410;428;447;466;487;508;530;553;576;600;624;649;674;699;725;750;774;798;821;842;863;881;898;912;;;;;;;;;;;;;;;;;;;;;;;;;;
-2.300;;;;;;;;;;;;;;;;;;;;;;;;;;;;;;;;727;729;728;724;719;711;702;692;680;668;656;643;630;618;605;592;580;567;554;541;527;514;500;487;473;459;446;433;419;407;394;382;371;360;349;340;331;323;315;309;303;298;295;292;290;289;289;290;293;296;300;306;312;320;328;338;349;361;374;388;403;419;436;454;472;492;513;534;556;579;603;627;651;676;701;726;751;775;798;821;842;862;880;896;;;;;;;;;;;;;;;;;;;;;;;;;;;
-2.400;;;;;;;;;;;;;;;;;;;;;;;;;;;;;;;;;731;731;729;724;718;709;700;690;678;666;654;642;629;617;604;592;579;567;554;541;528;515;502;489;476;463;450;437;425;413;401;390;380;370;360;351;343;336;330;324;319;315;312;310;309;309;310;311;314;318;323;329;336;343;352;362;373;386;399;413;428;444;461;479;499;518;539;561;583;606;629;653;678;703;727;752;775;798;820;841;860;878;893;;;;;;;;;;;;;;;;;;;;;;;;;;;
-2.500;;;;;;;;;;;;;;;;;;;;;;;;;;;;;;;;;732;734;733;729;724;717;708;698;688;676;665;653;640;628;616;604;591;579;567;554;542;529;516;504;491;479;467;454;443;431;420;409;399;389;380;372;364;357;351;345;340;336;333;331;330;329;330;331;334;337;341;346;353;360;368;377;388;399;411;424;439;454;470;488;506;525;545;566;587;609;632;656;680;704;728;752;775;797;818;838;857;873;;;;;;;;;;;;;;;;;;;;;;;;;;;;
-2.600;;;;;;;;;;;;;;;;;;;;;;;;;;;;;;;;;;736;736;734;729;723;715;706;696;686;675;663;651;639;627;615;603;591;579;567;555;543;530;518;506;494;482;471;459;448;438;427;418;408;400;392;384;377;371;366;361;357;354;352;351;350;350;352;354;356;360;365;371;377;385;393;403;413;425;437;451;465;480;497;514;532;551;571;592;613;636;659;682;705;728;751;773;794;814;833;851;867;;;;;;;;;;;;;;;;;;;;;;;;;;;;
-2.700;;;;;;;;;;;;;;;;;;;;;;;;;;;;;;;;;;;739;738;734;729;722;714;705;695;684;673;662;650;639;627;615;603;591;579;567;555;544;532;520;509;497;486;475;465;455;445;436;427;418;411;404;397;391;386;382;378;375;373;372;371;371;372;374;377;380;384;390;396;403;410;419;429;440;451;464;477;492;507;523;541;559;578;597;618;640;662;684;706;728;749;770;790;809;827;843;;;;;;;;;;;;;;;;;;;;;;;;;;;;;
-2.800;;;;;;;;;;;;;;;;;;;;;;;;;;;;;;;;;;;;741;738;734;728;721;712;703;693;683;672;661;649;638;626;614;603;591;579;568;556;545;534;522;512;501;490;480;471;461;452;444;436;429;422;416;411;406;402;399;396;394;393;392;392;393;395;397;401;405;409;415;421;429;437;446;455;466;478;490;504;518;534;550;567;585;604;624;644;665;686;706;727;747;766;784;802;818;;;;;;;;;;;;;;;;;;;;;;;;;;;;;;
-2.900;;;;;;;;;;;;;;;;;;;;;;;;;;;;;;;;;;;;;742;738;733;727;719;711;701;691;681;671;660;649;637;626;614;603;591;580;568;557;546;536;525;515;505;495;486;477;469;461;453;446;440;435;430;425;422;418;416;414;413;413;413;414;416;418;421;425;429;435;441;447;455;463;472;482;493;505;517;531;545;560;576;593;611;630;649;668;687;706;725;743;760;777;793;;;;;;;;;;;;;;;;;;;;;;;;;;;;;;;
-3.000;;;;;;;;;;;;;;;;;;;;;;;;;;;;;;;;;;;;;745;742;738;732;725;717;709;699;690;680;669;659;648;637;625;614;603;591;580;569;558;548;538;528;518;509;500;491;483;476;469;463;457;452;447;444;440;438;436;434;433;433;434;435;437;439;442;446;450;455;460;467;474;482;490;499;509;520;532;544;557;571;587;603;619;636;653;671;688;705;721;737;753;767;;;;;;;;;;;;;;;;;;;;;;;;;;;;;;;;
-3.100;;;;;;;;;;;;;;;;;;;;;;;;;;;;;;;;;;;;;;746;742;737;731;723;715;707;697;688;678;668;657;647;636;625;614;603;592;581;570;560;550;540;531;522;513;505;498;491;484;478;473;468;464;461;458;456;454;453;453;453;454;455;457;460;463;466;471;475;481;487;493;501;508;517;526;536;547;558;571;584;598;613;628;643;658;673;688;703;717;730;743;756;;;;;;;;;;;;;;;;;;;;;;;;;;;;;;;;
-3.200;;;;;;;;;;;;;;;;;;;;;;;;;;;;;;;;;;;;;;;746;742;736;729;721;713;704;695;686;676;666;656;646;635;625;614;603;592;582;571;561;552;543;534;526;518;511;504;498;493;488;484;480;478;475;474;473;472;472;473;474;476;478;480;484;487;491;496;501;507;513;520;528;536;544;553;563;574;586;598;610;623;636;649;662;675;687;699;711;722;;;;;;;;;;;;;;;;;;;;;;;;;;;;;;;;;;
-3.300;;;;;;;;;;;;;;;;;;;;;;;;;;;;;;;;;;;;;;;;;740;734;727;719;711;702;693;683;674;664;654;644;634;624;614;604;593;583;573;563;554;546;538;530;523;517;512;507;502;499;496;493;492;490;490;490;490;492;493;495;498;501;504;508;512;517;522;528;534;540;547;555;563;572;581;591;601;612;623;634;645;655;666;676;686;695;703;;;;;;;;;;;;;;;;;;;;;;;;;;;;;;;;;;;
-3.400;;;;;;;;;;;;;;;;;;;;;;;;;;;;;;;;;;;;;;;;;;739;732;725;717;708;699;690;681;672;662;653;643;633;623;614;604;594;585;575;566;558;550;542;535;529;524;520;516;513;510;508;507;506;506;507;508;510;512;514;517;521;525;529;533;538;543;549;555;561;568;575;583;591;600;609;618;627;636;645;653;662;669;676;683;689;;;;;;;;;;;;;;;;;;;;;;;;;;;;;;;;;;;;
-3.500;;;;;;;;;;;;;;;;;;;;;;;;;;;;;;;;;;;;;;;;;;;738;731;723;714;706;697;688;678;669;660;651;641;632;623;613;604;595;586;578;570;562;555;548;542;537;532;529;526;524;522;522;522;522;524;525;527;530;533;537;540;545;549;554;559;564;570;576;582;589;596;603;611;619;626;634;641;649;655;662;667;672;676;680;;;;;;;;;;;;;;;;;;;;;;;;;;;;;;;;;;;;;
-3.600;;;;;;;;;;;;;;;;;;;;;;;;;;;;;;;;;;;;;;;;;;;;;729;721;712;703;694;685;676;667;658;649;640;631;622;613;605;596;588;580;573;566;560;554;549;545;542;539;538;537;536;537;538;540;542;545;548;552;556;560;564;569;575;580;586;592;598;604;611;617;624;631;638;644;650;656;661;666;670;673;675;675;;;;;;;;;;;;;;;;;;;;;;;;;;;;;;;;;;;;;;
-3.700;;;;;;;;;;;;;;;;;;;;;;;;;;;;;;;;;;;;;;;;;;;;;;728;719;710;701;692;683;674;665;656;647;638;630;621;613;605;598;590;583;577;571;566;561;558;555;552;551;550;551;552;553;555;558;562;565;570;574;579;584;590;595;601;607;613;619;626;632;639;645;651;657;662;667;671;674;677;678;678;;;;;;;;;;;;;;;;;;;;;;;;;;;;;;;;;;;;;;;;
-3.800;;;;;;;;;;;;;;;;;;;;;;;;;;;;;;;;;;;;;;;;;;;;;;;;719;709;700;690;681;672;663;654;645;637;629;621;613;606;599;593;587;581;576;572;569;566;565;564;564;564;566;568;571;574;578;582;587;592;598;604;610;616;622;628;635;641;648;654;660;666;671;676;680;684;686;687;687;686;;;;;;;;;;;;;;;;;;;;;;;;;;;;;;;;;;;;;;;;;
-3.900;;;;;;;;;;;;;;;;;;;;;;;;;;;;;;;;;;;;;;;;;;;;;;;;;;709;699;689;680;670;661;653;644;636;628;621;614;607;601;595;590;586;582;579;577;576;575;576;577;579;582;585;589;594;599;604;610;616;623;629;636;643;649;656;663;669;675;681;686;691;695;698;700;701;700;;;;;;;;;;;;;;;;;;;;;;;;;;;;;;;;;;;;;;;;;;;
-4.000;;;;;;;;;;;;;;;;;;;;;;;;;;;;;;;;;;;;;;;;;;;;;;;;;;;;699;689;679;670;661;652;644;636;628;621;615;609;603;599;595;591;589;587;586;586;587;589;591;595;599;604;609;615;621;628;634;641;649;656;663;670;677;684;690;696;702;707;711;714;716;716;;;;;;;;;;;;;;;;;;;;;;;;;;;;;;;;;;;;;;;;;;;;;
-4.100;;;;;;;;;;;;;;;;;;;;;;;;;;;;;;;;;;;;;;;;;;;;;;;;;;;;;;690;680;671;661;653;644;637;629;623;617;611;607;603;599;597;596;595;596;597;599;602;606;611;617;623;629;636;644;651;659;667;675;682;690;697;704;711;717;722;727;730;733;;;;;;;;;;;;;;;;;;;;;;;;;;;;;;;;;;;;;;;;;;;;;;;
-4.200;;;;;;;;;;;;;;;;;;;;;;;;;;;;;;;;;;;;;;;;;;;;;;;;;;;;;;;;;672;663;654;646;638;631;625;619;614;610;607;605;604;604;604;606;609;613;617;623;629;636;643;651;659;667;676;684;693;701;709;717;724;731;737;742;;;;;;;;;;;;;;;;;;;;;;;;;;;;;;;;;;;;;;;;;;;;;;;;;;
-4.300;;;;;;;;;;;;;;;;;;;;;;;;;;;;;;;;;;;;;;;;;;;;;;;;;;;;;;;;;;;;;649;641;634;628;623;618;615;613;611;611;612;614;617;621;627;633;639;647;655;664;673;682;691;701;710;719;728;736;744;;;;;;;;;;;;;;;;;;;;;;;;;;;;;;;;;;;;;;;;;;;;;;;;;;;;;
-4.400;;;;;;;;;;;;;;;;;;;;;;;;;;;;;;;;;;;;;;;;;;;;;;;;;;;;;;;;;;;;;;;;;632;627;623;621;619;619;620;622;625;629;635;642;649;657;666;676;686;696;706;716;;;;;;;;;;;;;;;;;;;;;;;;;;;;;;;;;;;;;;;;;;;;;;;;;;;;;;;;;;
-4.500;;;;;;;;;;;;;;;;;;;;;;;;;;;;;;;;;;;;;;;;;;;;;;;;;;;;;;;;;;;;;;;;;;;;;;;;;;;;;;;;;;;;;;;;;;;;;;;;;;;;;;;;;;;;;;;;;;;;;;;;;;;;;;;;;;;;;;;;;;;;;;
-4.600;;;;;;;;;;;;;;;;;;;;;;;;;;;;;;;;;;;;;;;;;;;;;;;;;;;;;;;;;;;;;;;;;;;;;;;;;;;;;;;;;;;;;;;;;;;;;;;;;;;;;;;;;;;;;;;;;;;;;;;;;;;;;;;;;;;;;;;;;;;;;;
-4.700;;;;;;;;;;;;;;;;;;;;;;;;;;;;;;;;;;;;;;;;;;;;;;;;;;;;;;;;;;;;;;;;;;;;;;;;;;;;;;;;;;;;;;;;;;;;;;;;;;;;;;;;;;;;;;;;;;;;;;;;;;;;;;;;;;;;;;;;;;;;;;
-4.800;;;;;;;;;;;;;;;;;;;;;;;;;;;;;;;;;;;;;;;;;;;;;;;;;;;;;;;;;;;;;;;;;;;;;;;;;;;;;;;;;;;;;;;;;;;;;;;;;;;;;;;;;;;;;;;;;;;;;;;;;;;;;;;;;;;;;;;;;;;;;;
-4.900;;;;;;;;;;;;;;;;;;;;;;;;;;;;;;;;;;;;;;;;;;;;;;;;;;;;;;;;;;;;;;;;;;;;;;;;;;;;;;;;;;;;;;;;;;;;;;;;;;;;;;;;;;;;;;;;;;;;;;;;;;;;;;;;;;;;;;;;;;;;;;
-5.000;;;;;;;;;;;;;;;;;;;;;;;;;;;;;;;;;;;;;;;;;;;;;;;;;;;;;;;;;;;;;;;;;;;;;;;;;;;;;;;;;;;;;;;;;;;;;;;;;;;;;;;;;;;;;;;;;;;;;;;;;;;;;;;;;;;;;;;;;;;;;;
-5.100;;;;;;;;;;;;;;;;;;;;;;;;;;;;;;;;;;;;;;;;;;;;;;;;;;;;;;;;;;;;;;;;;;;;;;;;;;;;;;;;;;;;;;;;;;;;;;;;;;;;;;;;;;;;;;;;;;;;;;;;;;;;;;;;;;;;;;;;;;;;;;
-5.200;;;;;;;;;;;;;;;;;;;;;;;;;;;;;;;;;;;;;;;;;;;;;;;;;;;;;;;;;;;;;;;;;;;;;;;;;;;;;;;;;;;;;;;;;;;;;;;;;;;;;;;;;;;;;;;;;;;;;;;;;;;;;;;;;;;;;;;;;;;;;;
-5.300;;;;;;;;;;;;;;;;;;;;;;;;;;;;;;;;;;;;;;;;;;;;;;;;;;;;;;;;;;;;;;;;;;;;;;;;;;;;;;;;;;;;;;;;;;;;;;;;;;;;;;;;;;;;;;;;;;;;;;;;;;;;;;;;;;;;;;;;;;;;;;
-5.400;;;;;;;;;;;;;;;;;;;;;;;;;;;;;;;;;;;;;;;;;;;;;;;;;;;;;;;;;;;;;;;;;;;;;;;;;;;;;;;;;;;;;;;;;;;;;;;;;;;;;;;;;;;;;;;;;;;;;;;;;;;;;;;;;;;;;;;;;;;;;;
-5.500;;;;;;;;;;;;;;;;;;;;;;;;;;;;;;;;;;;;;;;;;;;;;;;;;;;;;;;;;;;;;;;;;;;;;;;;;;;;;;;;;;;;;;;;;;;;;;;;;;;;;;;;;;;;;;;;;;;;;;;;;;;;;;;;;;;;;;;;;;;;;;
-5.600;;;;;;;;;;;;;;;;;;;;;;;;;;;;;;;;;;;;;;;;;;;;;;;;;;;;;;;;;;;;;;;;;;;;;;;;;;;;;;;;;;;;;;;;;;;;;;;;;;;;;;;;;;;;;;;;;;;;;;;;;;;;;;;;;;;;;;;;;;;;;;
-5.700;;;;;;;;;;;;;;;;;;;;;;;;;;;;;;;;;;;;;;;;;;;;;;;;;;;;;;;;;;;;;;;;;;;;;;;;;;;;;;;;;;;;;;;;;;;;;;;;;;;;;;;;;;;;;;;;;;;;;;;;;;;;;;;;;;;;;;;;;;;;;;
-5.800;;;;;;;;;;;;;;;;;;;;;;;;;;;;;;;;;;;;;;;;;;;;;;;;;;;;;;;;;;;;;;;;;;;;;;;;;;;;;;;;;;;;;;;;;;;;;;;;;;;;;;;;;;;;;;;;;;;;;;;;;;;;;;;;;;;;;;;;;;;;;;
-5.900;;;;;;;;;;;;;;;;;;;;;;;;;;;;;;;;;;;;;;;;;;;;;;;;;;;;;;;;;;;;;;;;;;;;;;;;;;;;;;;;;;;;;;;;;;;;;;;;;;;;;;;;;;;;;;;;;;;;;;;;;;;;;;;;;;;;;;;;;;;;;;
-6.000;;;;;;;;;;;;;;;;;;;;;;;;;;;;;;;;;;;;;;;;;;;;;;;;;;;;;;;;;;;;;;;;;;;;;;;;;;;;;;;;;;;;;;;;;;;;;;;;;;;;;;;;;;;;;;;;;;;;;;;;;;;;;;;;;;;;;;;;;;;;;;
-6.100;;;;;;;;;;;;;;;;;;;;;;;;;;;;;;;;;;;;;;;;;;;;;;;;;;;;;;;;;;;;;;;;;;;;;;;;;;;;;;;;;;;;;;;;;;;;;;;;;;;;;;;;;;;;;;;;;;;;;;;;;;;;;;;;;;;;;;;;;;;;;;
-6.200;;;;;;;;;;;;;;;;;;;;;;;;;;;;;;;;;;;;;;;;;;;;;;;;;;;;;;;;;;;;;;;;;;;;;;;;;;;;;;;;;;;;;;;;;;;;;;;;;;;;;;;;;;;;;;;;;;;;;;;;;;;;;;;;;;;;;;;;;;;;;;
-6.300;;;;;;;;;;;;;;;;;;;;;;;;;;;;;;;;;;;;;;;;;;;;;;;;;;;;;;;;;;;;;;;;;;;;;;;;;;;;;;;;;;;;;;;;;;;;;;;;;;;;;;;;;;;;;;;;;;;;;;;;;;;;;;;;;;;;;;;;;;;;;;
-6.400;;;;;;;;;;;;;;;;;;;;;;;;;;;;;;;;;;;;;;;;;;;;;;;;;;;;;;;;;;;;;;;;;;;;;;;;;;;;;;;;;;;;;;;;;;;;;;;;;;;;;;;;;;;;;;;;;;;;;;;;;;;;;;;;;;;;;;;;;;;;;;
-6.500;;;;;;;;;;;;;;;;;;;;;;;;;;;;;;;;;;;;;;;;;;;;;;;;;;;;;;;;;;;;;;;;;;;;;;;;;;;;;;;;;;;;;;;;;;;;;;;;;;;;;;;;;;;;;;;;;;;;;;;;;;;;;;;;;;;;;;;;;;;;;;
-6.600;;;;;;;;;;;;;;;;;;;;;;;;;;;;;;;;;;;;;;;;;;;;;;;;;;;;;;;;;;;;;;;;;;;;;;;;;;;;;;;;;;;;;;;;;;;;;;;;;;;;;;;;;;;;;;;;;;;;;;;;;;;;;;;;;;;;;;;;;;;;;;
-6.700;;;;;;;;;;;;;;;;;;;;;;;;;;;;;;;;;;;;;;;;;;;;;;;;;;;;;;;;;;;;;;;;;;;;;;;;;;;;;;;;;;;;;;;;;;;;;;;;;;;;;;;;;;;;;;;;;;;;;;;;;;;;;;;;;;;;;;;;;;;;;;
-6.800;;;;;;;;;;;;;;;;;;;;;;;;;;;;;;;;;;;;;;;;;;;;;;;;;;;;;;;;;;;;;;;;;;;;;;;;;;;;;;;;;;;;;;;;;;;;;;;;;;;;;;;;;;;;;;;;;;;;;;;;;;;;;;;;;;;;;;;;;;;;;;
-6.900;;;;;;;;;;;;;;;;;;;;;;;;;;;;;;;;;;;;;;;;;;;;;;;;;;;;;;;;;;;;;;;;;;;;;;;;;;;;;;;;;;;;;;;;;;;;;;;;;;;;;;;;;;;;;;;;;;;;;;;;;;;;;;;;;;;;;;;;;;;;;;
-7.000;;;;;;;;;;;;;;;;;;;;;;;;;;;;;;;;;;;;;;;;;;;;;;;;;;;;;;;;;;;;;;;;;;;;;;;;;;;;;;;;;;;;;;;;;;;;;;;;;;;;;;;;;;;;;;;;;;;;;;;;;;;;;;;;;;;;;;;;;;;;;;
[SYSTEM];;
Name;Pentacam;
Version;1.25r15;
SerialNo;5911  4030;
Registered User;...;
File Date;19-06-2024;
Matrixsize X;141;
Matrixsize Y;141;
Matrix-Res. X/Y;100;

[PATIENT];;
LastName;6 Demo Cornea;
FirstName;Keratoglobus;
Eye;OS;
DateOfBirth;20-11-1978;
Sex;...;
PatientID;;

[EXAMINATION];;
Date;06-03-2006;
Time;12:44:48;
Surgeon;...;
OP;...;
TestNo;...;
Comments;...;
Max. Diameter;11.61;

[GENERAL DATA];;
Cornea Front Rh;6.25;
Cornea Front Rv;5.75;
Cornea Front Axis;162.0;
Cornea Front Astig;4.7;
Cornea Front Exz;-0.60;Q-val. (8mm);
Pachy Apex;202;
Pachy Min;137;
Pachy Min X;0.00;
Pachy Min Y;-0.97;
Chamber Height;4.32;
Chamber Angle;38.71;
KKS;# 2-3;
QS Status;Blinking Error / Nose Shadow!;
QS Error;2;
K Max (Front);70.22;
K Max X (Front);0.26;
K Max Y (Front);0.71;

[PUPIL];
Pupil Dia;3.84;
XPupil;319;
YPupil;281;

X;Y;
2148;0;
2153;53;
2157;106;
2159;159;
2161;213;
2160;266;
2158;320;
2155;374;
2150;428;
2144;482;
2137;535;
2128;589;
2118;643;
2107;696;
2094;749;
2080;802;
2064;855;
2047;907;
2029;960;
2009;1011;
1988;1063;
1966;1114;
1943;1164;
1918;1214;
1891;1264;
1864;1313;
1835;1361;
1805;1409;
1773;1455;
1740;1501;
1706;1546;
1671;1591;
1634;1634;
1596;1677;
1557;1718;
1517;1758;
1475;1797;
1433;1836;
1389;1872;
1343;1908;
1297;1942;
1250;1975;
1203;2006;
1154;2037;
1103;2064;
1052;2091;
1001;2116;
949;2140;
896;2163;
842;2183;
787;2201;
732;2217;
677;2233;
622;2247;
566;2258;
509;2266;
452;2274;
396;2280;
339;2284;
282;2287;
225;2286;
168;2284;
112;2280;
56;2276;
0;2269;
-55;2259;
-110;2248;
-165;2235;
-219;2221;
-272;2206;
-325;2188;
-376;2168;
-427;2147;
-477;2124;
-526;2101;
-574;2075;
-621;2048;
-667;2020;
-712;1990;
-756;1960;
-799;1928;
-840;1895;
-880;1860;
-919;1825;
-956;1789;
-993;1753;
-1028;1715;
-1061;1676;
-1094;1637;
-1125;1597;
-1155;1557;
-1183;1516;
-1210;1475;
-1236;1433;
-1260;1391;
-1284;1348;
-1305;1305;
-1326;1263;
-1346;1220;
-1364;1177;
-1381;1134;
-1397;1090;
-1412;1047;
-1426;1004;
-1439;961;
-1450;919;
-1461;876;
-1470;833;
-1480;791;
-1488;749;
-1494;707;
-1500;665;
-1505;623;
-1510;582;
-1514;542;
-1517;501;
-1519;461;
-1519;420;
-1520;381;
-1521;342;
-1520;302;
-1519;264;
-1517;225;
-1514;187;
-1511;149;
-1508;111;
-1503;74;
-1498;37;
-1491;0;
-1486;-36;
-1480;-73;
-1472;-109;
-1464;-144;
-1455;-179;
-1447;-215;
-1438;-249;
-1428;-284;
-1417;-318;
-1406;-352;
-1394;-386;
-1383;-420;
-1371;-453;
-1359;-486;
-1345;-519;
-1331;-551;
-1317;-584;
-1303;-616;
-1288;-648;
-1272;-680;
-1255;-711;
-1239;-743;
-1222;-774;
-1205;-805;
-1187;-836;
-1168;-866;
-1148;-896;
-1129;-926;
-1109;-956;
-1088;-986;
-1066;-1015;
-1044;-1044;
-1021;-1073;
-998;-1101;
-974;-1130;
-950;-1157;
-924;-1184;
-899;-1212;
-872;-1238;
-845;-1265;
-817;-1291;
-789;-1316;
-759;-1340;
-730;-1365;
-699;-1389;
-668;-1412;
-636;-1435;
-603;-1457;
-570;-1478;
-536;-1499;
-502;-1519;
-467;-1538;
-431;-1557;
-394;-1575;
-357;-1592;
-320;-1608;
-282;-1623;
-243;-1637;
-204;-1651;
-164;-1663;
-124;-1675;
-83;-1685;
-42;-1695;
0;-1703;
42;-1711;
84;-1717;
127;-1722;
170;-1726;
213;-1729;
257;-1731;
300;-1732;
344;-1731;
388;-1730;
433;-1727;
477;-1723;
521;-1718;
565;-1711;
610;-1704;
654;-1695;
698;-1685;
742;-1674;
786;-1661;
829;-1647;
873;-1633;
916;-1617;
959;-1600;
1001;-1581;
1043;-1562;
1085;-1541;
1127;-1519;
1168;-1496;
1208;-1472;
1248;-1447;
1288;-1421;
1327;-1394;
1365;-1365;
1403;-1336;
1440;-1306;
1477;-1274;
1513;-1242;
1548;-1208;
1583;-1174;
1616;-1138;
1649;-1102;
1682;-1065;
1713;-1027;
1743;-988;
1773;-948;
1802;-907;
1830;-866;
1857;-823;
1883;-780;
1908;-736;
1932;-691;
1955;-646;
1977;-600;
1998;-553;
2018;-505;
2037;-457;
2054;-409;
2070;-359;
2086;-309;
2099;-259;
2112;-208;
2123;-157;
2132;-105;
2141;-53;
[CORNEA EDGE];;
Cornea Center Pos X (related to apex, [mm]);;
Cornea Center Pos Y (related to apex, [mm]);;
Iris Image existing in Examination;0;
Iris Image Apex Pixel Position X;;
Iris Image Apex Pixel Position Y;;
Iris Image mm per Pixel;;
Left Cornea-Edge X (related to Apex, [µm]);Left Cornea-Edge Y (related to Apex, [µm]);
;;
;;
;;
;;
;;
;;
;;
;;
;;
;;
;;
;;
;;
;;
;;
;;
;;
;;
;;
;;
;;
;;
;;
;;
;;
;;
;;
;;
;;
;;
;;
;;
;;
;;
;;
;;
;;
;;
;;
;;
Right Cornea-Edge X (related to Apex, [µm]);Right Cornea-Edge Y (related to Apex, [µm]);
;;
;;
;;
;;
;;
;;
;;
;;
;;
;;
;;
;;
;;
;;
;;
;;
;;
;;
;;
;;
;;
;;
;;
;;
;;
;;
;;
;;
;;
;;
;;
;;
;;
;;
;;
;;
;;
;;
;;
;;
[GENERAL DATA 2];;
Chamber Angle @ 180°;46.0;
Chamber Angle @ 0°;38.7;
Chamber Volume [mm³];265;
AXL Axial Length [mm];;
AXL SNR;;
HWTW;;
